;5_kurt_total_ips_origem;5_skw_total_ips_destino;5_voefficient_variation_total_pacotes
0;;;
1;;;
2;;;
3;;;
4;;;
5;;;
6;;;
7;;;
8;;;
9;;;
10;;;
11;;;
12;;;
13;;;
14;;;
15;;;
16;;;
17;;;
18;;;
19;;;
20;;;
21;;;
22;;;
23;;;
24;;;
25;;;
26;;;
27;;;
28;;;
29;;;
30;;;
31;;;
32;;;
33;;;
34;;;
35;;;
36;;;
37;;;
38;;;
39;;;
40;;;
41;;;
42;;;
43;;;
44;;;
45;;;
46;;;
47;1.172743829791614;0.1690897764738663;0.2986660905582664
48;1.214172311032936;0.1924308524810876;0.2998270653064562
49;1.193100378470912;0.1845165113978348;0.3034400750301432
50;1.1853911870032283;0.1705756432488342;0.3089868989630445
51;1.0387605860733464;0.1046192092956201;0.3108619920864193
52;1.028451039251172;0.0426857913916378;0.3107864860937591
53;0.9657494599818128;-0.0294223434053337;0.3177406570812048
54;0.9983845382836052;-0.1090681885254922;0.3194052236293282
55;0.8666304753197187;-0.1608921809191601;0.3116552877767472
56;1.2924447354233817;0.670826715203483;0.3080789920706616
57;0.9344881202198502;0.5880416128291025;0.3093376727135449
58;0.8915582083423002;0.5294218338492988;0.3114881629079672
59;0.9267786596661504;0.5264912203336055;0.3074518074109685
60;0.8773565851057936;0.4844144810081904;0.3027593926715354
61;0.8953211834460011;0.4844768771273664;0.2977139009016515
62;1.0157176332059092;0.5352846858131473;0.2965186041177429
63;1.2568877774408491;0.5325256307576135;0.2960369460788409
64;1.4758879362802366;0.5752763154188288;0.2962385934180445
65;1.4758879362802366;0.5800014644562307;0.2971684108603687
66;1.713407823874594;0.5576490303490016;0.2959471812942989
67;1.7329990414924463;0.5213187501438838;0.2956669499376593
68;1.4065036471017982;1.171166437791871;0.2955309440593635
69;1.1818823077374516;0.971623524461135;0.29437963858235
70;1.1294634929569165;0.9792328728600018;0.2890427382492433
71;1.2767297713562031;1.1490792581994205;0.2765403697448446
72;1.33204705305312;1.194342313379701;0.2671551113890035
73;1.2541946386595366;1.1291883776185847;0.2616333451926654
74;1.3093189929200275;1.7816275165421394;0.2601600176480323
75;1.017933580483433;1.7779040413398262;0.2617747356822838
76;0.9586011059034032;1.5676772349303545;0.2674123232548743
77;1.1343105379867977;1.5387941468038977;0.2658103128797866
78;1.279450461479816;1.564523787523797;0.2657469749034812
79;1.360248937640401;1.5697218046157482;0.2658426062178767
80;1.312246671484628;1.590847564886902;0.260183037592292
81;1.263923285717815;1.5011984285485451;0.259984346993482
82;1.2336846592757649;1.510823128891583;0.2582830962129617
83;1.1429537888959762;1.538490706872965;0.2564590383223094
84;1.32086595840262;1.6147923277812508;0.257244560084083
85;1.207885425022836;1.620568753313879;0.2593145421876288
86;1.607635937047948;1.7374501698295892;0.2593886910425376
87;1.7173997039358506;1.7374501698295892;0.2607733164205008
88;1.7274579116220925;1.7387138845523007;0.2555459477772041
89;1.5950449571923684;1.7003322342791412;0.2475633396256176
90;1.4808566449349203;1.652678285686214;0.2428956168975617
91;1.7487989427442254;1.7752815864739668;0.2463079872163028
92;1.759356961665607;1.72438678278319;0.2402638255639082
93;1.6281351354136235;1.7064855488668331;0.2060993430917699
94;1.6097054185904858;1.64204173040686;0.2049853453410177
95;1.3762780996389468;1.5468101115075126;0.2059795154907803
96;0.945922241111925;1.4167224932444702;0.2032638077913477
97;0.899394904734507;1.4358399674495568;0.1949233246747819
98;0.9319065735088212;1.42752146878754;0.1845744097139515
99;0.9028733469848066;1.42088735836709;0.1840351405105055
100;0.8899969822614937;1.467795898810667;0.1879530463218645
101;0.940533790429852;1.5078564443193618;0.1865387147011974
102;0.8180635567566553;1.5439425832234028;0.1888895153195372
103;0.9561869107636664;1.5717881626103274;0.1927669997676896
104;0.9089636880692196;1.4779700188644789;0.1936684110376935
105;1.3294507225082894;1.5637044716250743;0.1904551606938066
106;1.2738746825312044;1.6143503886950188;0.1914977840937716
107;1.0958039028990971;1.5720034712430695;0.1930105141213723
108;1.1399581439832125;1.5762163475065678;0.1809645769293835
109;1.1878645665047152;1.5626595878542886;0.18093788433834
110;1.0022066086671952;1.5243472373566471;0.1835064561334091
111;1.0961350358375954;1.5440714608957928;0.1846580550743971
112;0.9292561966715112;1.5264782309144125;0.1815299565620714
113;0.9728840871345212;1.487082501786246;0.1730255382694465
114;0.9585038739810104;1.505344551747747;0.1736081373330753
115;0.9267180570465796;1.521533016820182;0.1739289446851388
116;0.8690778500860934;1.554296878497556;0.1739582338423447
117;0.8888486605272974;1.532417724032944;0.1740289330822178
118;0.8329947486874411;1.4785979017312538;0.1746492998722223
119;0.7965380722588163;1.462495708920228;0.1745775331679601
120;0.7191749312769028;1.4136689015805306;0.177843094797924
121;0.7697941087755847;1.5042494905884851;0.1787790874140342
122;-0.0434247647317876;0.1883804247973322;0.1786179551584924
123;0.1752300595469643;0.2475545825674302;0.1759813287618698
124;0.3007787312530183;0.2780836364756092;0.1568310715581302
125;0.2934924789348563;0.3049994731648306;0.1567706199093338
126;0.3703087353101358;0.2717651667952099;0.1538289641259023
127;0.3890503277490589;0.3195661596194978;0.152409523073517
128;0.3550216838655114;0.3473297641016329;0.1522274154938308
129;0.3700356556258452;0.1943581375352843;0.1539983620028814
130;0.3670425146134625;0.2064624771649632;0.1538910721551432
131;0.3401326899688082;0.2352251581154765;0.1544708630799026
132;0.9527179288907768;-0.1067500784460506;0.1574381665788498
133;0.9678708203778172;-0.0214525307413749;0.1578691370298827
134;1.11402539343898;-0.0003021821769149;0.1591953352640043
135;1.14906213888457;0.031518979212504;0.1590029822828164
136;1.09921957336026;0.0225121728065159;0.1603767257192584
137;1.1576606431902718;0.0982965756845534;0.1628174977950909
138;1.188286204376305;0.0771412040645243;0.1576071691616627
139;1.2981159469550831;0.1260151895444328;0.1380106639236815
140;1.138407571335566;-0.0049754889832038;0.1362980646716605
141;1.3389934158015566;0.0696425541798468;0.1372836855675435
142;1.6200602494262022;0.0545421876097406;0.1382974092646214
143;2.1426941673634583;0.0155266346033196;0.140427635959466
144;0.8566529437720415;-0.3293634463302195;0.1399924805795805
145;0.8420254217813442;-0.2721924802580894;0.1410196735555053
146;0.7786788177472588;-0.2911121567685533;0.1426084431363172
147;0.6967165190206995;-0.3397926294679652;0.1435274732310852
148;0.6680729697959028;-0.0083400543059249;0.142098160316744
149;0.659997183712436;-0.0256130322494856;0.1409872347254882
150;0.659997183712436;-0.0010892612790146;0.1405704671513739
151;0.7772028216319209;0.0121813700673553;0.1471067059316607
152;0.7305074983695664;0.0727385091013777;0.146779357322131
153;0.7145796831237131;0.0668293662792569;0.146291788731533
154;0.7495201490856467;0.0424712524923314;0.1443632319092638
155;0.7923413270488142;-0.0161139568228782;0.143807107029849
156;1.0474092469074603;0.0188818797738544;0.1440420518859145
157;1.0816969590691123;0.0985111017126235;0.1426400606598707
158;1.0543501187230266;0.0993421130885951;0.1416579405823081
159;1.1319135122600814;0.1475518485878915;0.141390932134326
160;1.3569312313569173;0.2284406488529093;0.1379665110118216
161;1.5477206452634686;0.2410650059652901;0.1369106402491558
162;1.8107901844282253;0.2861950044295828;0.1360518692051476
163;1.5775034611015937;0.2156094930370986;0.1336414971132445
164;1.348545598526338;0.1678305919719495;0.1323130957470335
165;1.424375324242542;0.1540018368520988;0.1305059092035678
166;1.6993332388706677;0.1968424776458551;0.1309334753430015
167;1.878401871593416;0.1316607455558379;0.1303938627507749
168;2.273052049822055;0.1429757221863298;0.1181661973910041
169;1.855174139273188;0.1117404524976916;0.1110634438183073
170;1.889423773319975;0.0786159687306723;0.1113862026922378
171;1.6438515501319113;0.0518392125256045;0.1025051424671332
172;1.8044325937035168;0.0588353377915392;0.1019331241230404
173;1.7468429152013167;0.0725396208231191;0.1001240481170803
174;1.5886270402715053;-0.0130164105134801;0.099875461948305
175;1.311477963529356;0.23010773700821;0.1115374172090287
176;1.082109612334347;0.4958969658088313;0.1117890486995495
177;1.0640171024192309;0.4558700548584743;0.1099430766449513
178;1.0005881575804352;0.4408559926694967;0.1103450611296728
179;0.9305871192464786;0.3833894782294654;0.1107600200013583
180;0.4483997665410542;0.7076964428604257;0.1095069358405199
181;0.3597480427414574;0.6422312383169191;0.1113543441417866
182;0.3490278993840437;0.6598882291669238;0.1112438917507112
183;0.3390482823262243;0.6728216073562828;0.110857304789565
184;0.1945292879490337;0.7952514811133435;0.1110084071417009
185;-0.0113218471743898;0.7450778254393038;0.1092704969383065
186;-0.1708577813104276;0.6552433113504245;0.1081318994467458
187;-0.1824346702890259;0.6656563888100754;0.1086194477444627
188;-0.2589862365306689;0.9144362314923458;0.1081356223359098
189;-0.2222289620220572;0.9083814273751878;0.1079659768366349
190;-0.194691933214947;0.9596119414353216;0.1686563747314876
191;-0.3129882343489874;0.8500482769339829;0.1681570878172829
192;-0.2232726618596678;0.8589415361483125;0.1652129116343309
193;-0.2911900913487171;0.8524102344642837;0.1688057581012767
194;-0.2472952387829176;0.8657993842923576;0.1676116782886322
195;-0.3963932574715415;0.7759786275654187;0.1668898251411517
196;-0.1896095454651922;0.8280162887882082;0.1680576903503118
197;-0.2543605041603896;0.8370736765477458;0.1714676118486705
198;-0.220215144534336;0.8471827787287832;0.17401838760885
199;-0.2436436617509553;0.8689706713826669;0.1663049365336312
200;-0.3403376998594243;0.8623174935738245;0.167731998448425
201;-0.3821183737861431;0.8483436399876344;0.1678844263295323
202;-0.3791006701375751;0.855970550505561;0.1681089320783885
203;-0.4100912298811838;0.839982204874595;0.1712627767803666
204;-0.4264722307107826;0.8373639219533541;0.1710805366001357
205;-0.3682575677063677;0.8155766394856889;0.1723342659204602
206;-0.2856372055268001;0.8042830417247474;0.1731879896471582
207;-0.4164359347561425;0.7096445702422373;0.173853247647113
208;-0.3353793464287624;0.7217737035646968;0.1744783020893974
209;-0.3834232717775159;0.6516051191178038;0.1795041085480935
210;-0.2533983777701606;0.4219443123671462;0.1783272284528213
211;-0.2933284297507227;0.4743944227210149;0.1815808441826636
212;-0.2600886221574097;0.5094109999645804;0.1925479174338668
213;-0.2473661865633486;0.4968536453220689;0.1927631188869724
214;-0.1624641082705629;0.4242753441512807;0.1952649557766562
215;-0.163322644848534;0.4417886806231298;0.1962797000198002
216;-0.179103417308195;0.3711982425792309;0.1974428303369177
217;-0.1864228712671733;0.3737631761506909;0.1977690588054975
218;-0.1627762229850542;0.3556884573820565;0.2019202723331464
219;-0.2488064026449445;0.313861394452559;0.2031071539249174
220;-0.3992992534698596;0.2616430806392472;0.205170848260011
221;-0.0743230687186116;0.7302152034306576;0.2051768473125625
222;-0.098514615281043;0.7438333652060598;0.2109733586838231
223;0.0256983905665995;0.7509686286930214;0.2072016711076569
224;0.1880039620065938;0.7805550426721126;0.2077264634547652
225;0.4470683824179487;0.823129426850049;0.2093076399829233
226;0.4612372790706578;0.7973843130694853;0.212661189965005
227;0.3478079641738231;0.7478920475438453;0.2134422882527102
228;0.63391304131876;0.7993961962746144;0.2177350752927343
229;0.8700749003062046;0.8620847402101749;0.216929704489395
230;0.648011134421469;0.7667137800648967;0.2184127133354187
231;0.7305347678659022;0.7542716580385537;0.2218383333444805
232;1.0306559210119752;0.8393940669698939;0.2246601025364697
233;1.2204163407584077;0.8504907980420433;0.2263891507256279
234;1.3719305878120154;0.9347523066274496;0.2270364195908613
235;1.2178721601486715;0.853354333026349;0.2270030331115343
236;1.3067098938412949;0.8082706816119869;0.2263422682411646
237;1.2351446797679804;0.7960673455551337;0.2276447801406414
238;1.1731156496691362;0.7625128190557373;0.1816231163793706
239;1.2592594884927482;0.8585495368864373;0.1835746172311494
240;0.924406050633118;0.7649033903726422;0.1838814951079543
241;0.8236327529915832;0.693004153865032;0.1810150856576232
242;0.7267096407421891;0.6111202017978029;0.1821325073446043
243;0.8638302800414951;0.6178589775244598;0.1819873645801337
244;0.6777889401933898;0.5643868238485;0.1820004451901702
245;0.8286152823291981;0.5469929851908081;0.1813171276883428
246;0.8908387222118916;0.5379729496597109;0.1826088471098972
247;0.9507283329718788;0.5294664378413668;0.1871480404274671
248;0.9958419371620012;0.582399227514112;0.1915972721391082
249;1.005261023703489;0.5938182261115581;0.1922694369055708
250;1.078578298506699;0.5887358101107485;0.1922176522110692
251;1.042847466409791;0.6001822062160626;0.1941002570701378
252;0.8605729289666454;0.4630435765118851;0.1964534462293438
253;0.8151733586600153;0.4667473524974;0.196554664909133
254;0.5565065655262774;0.4367053915810544;0.1963057041927278
255;0.530405753282055;0.4330316292405905;0.1948439306988997
256;0.5293022364605564;0.4472792186802724;0.1975131154436621
257;0.7639001844400409;0.487412252276359;0.1956050083629547
258;0.7223307667456187;0.7686478563745466;0.1956554491704837
259;0.6730666944804086;0.7021618252074086;0.1979980004592978
260;0.5973079042838931;0.7151602634827183;0.1830678491962415
261;0.6184761224441557;0.6782415309290185;0.1854359095072882
262;0.6248182000334547;0.7159901247293069;0.1864538254341521
263;0.4703596338087505;0.6413647048463086;0.1859921434312988
264;0.3035053216027076;0.7171440042146154;0.1839067382291981
265;0.21531166302425;0.7320787411579464;0.1845961922829772
266;0.157497737739221;0.7367505453696273;0.1745731897478298
267;0.0959519204396131;0.749774320782485;0.1779168433326285
268;0.2499784052931555;0.809571955891969;0.179494488802992
269;0.0067134797060793;0.1877313347428354;0.1807015298471857
270;0.020833314197784;0.2112110833389249;0.1690136100072951
271;0.0696880604092507;0.2851210977987947;0.1707967853457886
272;-0.0431058680556754;0.3002481735103512;0.1878470986311217
273;-0.0433519241738105;0.3002481735103512;0.1957342321485529
274;-0.0601331452795135;0.2948230132744557;0.1964381425014578
275;0.0554063584542324;0.3843405483016738;0.1970041251766851
276;-0.1574367976075925;0.5672126878790292;0.1993154847743631
277;-0.3407270983546346;0.487821300970118;0.2065114719293725
278;-0.3767514278002456;0.4568594639353669;0.2106172743554411
279;-0.485561480611198;0.4086574446660297;0.2353553344200683
280;-0.5675924118680363;0.3294640671042676;0.2324107185844435
281;-0.5020846853915845;0.3781415162215057;0.2296148689882352
282;-0.5223805928099983;0.337564284790275;0.2278157056511242
283;-0.4829963406950638;0.3431651092203124;0.229065191591696
284;-0.4863918308700089;0.3484238854631102;0.2293448263008936
285;-0.4363291738016889;0.3259655602339841;0.2268227918564845
286;-0.5020054040053545;0.3118993467501317;0.2255913965909241
287;-0.5886306008968982;0.258111623024662;0.2225455964816669
288;-0.5778543019507333;0.2210906845328392;0.2308721087136073
289;-0.601695523580293;0.2017933974860096;0.2306088258800419
290;-0.5712380824986238;0.2017933974860096;0.228743338981451
291;-0.6655221836558016;0.2005179488868195;0.2298094245058572
292;-0.5894371965584039;0.2727501013378625;0.2283322035948148
293;-0.6349884502848478;0.2658750193335986;0.2236378444349772
294;-0.6180392621697195;0.1895809972183;0.21683896910242
295;-0.5800276323692575;0.1645073001990379;0.2093280750605934
296;-0.4105156743184867;0.1210313774449945;0.1992897175881872
297;-0.24641538387416;0.0653972480262098;0.1944505532504772
298;-0.2321425375658269;0.0586032054793568;0.1942919155254643
299;-0.2997274349075915;0.0593468911935307;0.1812393550310732
300;-0.1015674093877667;0.194788682377765;0.1727498158897839
301;-0.1090312213682506;0.2425363660939175;0.1682884321676067
302;-0.0874889600957286;0.2671488625554453;0.1639389551612865
303;-0.1558149576693964;0.2755804738212212;0.1582915810690907
304;-0.1492772223804321;0.2101896456594042;0.1495125755940371
305;-0.2408485976961043;0.1968609161581118;0.141399524592078
306;-0.2884769989104508;0.1331323344659909;0.1409640309190282
307;-0.3347248033434911;0.2128260399341293;0.1444740567053558
308;-0.3590475181236292;0.1829917687424095;0.1434697321515054
309;-0.4974763383087507;0.2252726971951602;0.144348617911669
310;-0.5058659757533878;0.2235986483271877;0.1440668095381287
311;-0.6240431956255397;0.2617955057090694;0.1418067987886745
312;-0.604795623519839;0.2713972555906321;0.1406307129595826
313;-0.5213327976317421;0.3000791950673241;0.144631004202951
314;-0.4422294638504886;0.2884377824376484;0.1428639581098065
315;-1.2344772242201494;0.5199302265115869;0.1428155521805556
316;-1.1848020454551524;0.5353590039164428;0.1425525658310161
317;-1.1994243440687011;0.4823854839189774;0.1419682438098813
318;-1.1481876322097888;0.4793290428824033;0.1427670699392733
319;-1.1568459223735097;0.4280348460267031;0.1422951716941534
320;-1.1104156967664416;0.4521348051350313;0.1403363746755227
321;-1.1419304415370768;0.3793181894427112;0.1405103346413539
322;-1.0588722188073163;0.3355198654217864;0.1405493400585806
323;-0.9661451922305818;0.3457615795833896;0.1399392430078545
324;-1.017626235347465;0.0532176195192762;0.1411331917962374
325;-0.9687418397044232;0.090950461846225;0.1401176176395302
326;-0.9450604499642216;0.1433929162567721;0.1420006894143026
327;-0.9150826842419032;0.1264024647905867;0.1225049617279697
328;-0.9114146895476266;0.1947719756689554;0.1285358613268724
329;-0.873960601406021;0.1920742662026251;0.1288798777646301
330;-0.9029917470580924;0.2428350515161839;0.1311769356414498
331;-0.9270560931972676;0.2673182064343222;0.1311081212487361
332;-0.9385315356093198;0.2265648057074885;0.1319015096745349
333;-0.9623107003180412;0.1560442381475995;0.1356066446714717
334;-0.9569541303468182;0.1559597983854304;0.1358483206957085
335;-0.9514515781868246;0.1140699173023328;0.2253812727922752
336;-0.9115529304129196;0.1959989702016044;0.2329377537486543
337;-0.8435609072252706;0.1590811733069661;0.2599887792061933
338;-0.8713845933367066;0.2368167999738631;0.2687926551429878
339;-0.768456475248748;0.2741072879010982;0.2717099411944729
340;-0.6638080602865988;0.2466354484585088;0.2876301524770526
341;-0.701557455040442;0.288056452023181;0.3284211169813835
342;-0.7001265134369146;0.3090946711029068;0.3279581881264422
343;-0.7312353333242244;0.2524699712876786;0.3302474188706513
344;-0.820852068716981;0.2785028148610734;0.3271564826007154
345;-0.7065619131715114;0.1382537145792064;0.3260301564542958
346;-0.6622462464819425;0.1317156670244495;0.343598915881358
347;-0.6572524002596655;0.1576867952471168;0.3480002088312892
348;-0.7683550301897359;0.1751439515759452;0.3731619094530289
349;-0.7491252575140558;-0.1220336353046802;0.3686098634492211
350;-0.621857886720273;-0.0811624406450795;0.3674543132243564
351;-0.5189442830013181;-0.0084378849268614;0.3643369917039916
352;-0.522335101986494;0.0162217080372086;0.3577255867205078
353;-0.4864178846298778;-0.5627188299617952;0.35579621025768
354;-0.2365546905747112;-0.6213011866570709;0.348791053889298
355;-0.1184144980428508;-0.6679986866991066;0.3701627740071001
356;-0.0020110834337947;-0.7449562263633848;0.3777032561634365
357;0.2153142745424157;-0.7887118019852595;0.378030316682944
358;0.249607952732217;-0.8373913116409704;0.3802579058589223
359;0.223619006981615;-0.7776630715651365;0.3822326254708534
360;0.3575919186169953;-0.7928634165348738;0.3861731674958508
361;0.4621308235188823;-0.8809696003272445;0.3852008339902441
362;0.5299113686879128;-0.9005770243022031;0.3847551245274279
363;0.5299113686879128;-0.8852990394244771;0.3884095102659187
364;0.362315513028994;-0.842819496482096;0.3921911133106848
365;0.4424765472978623;-0.8393987597055514;0.3937119013323606
366;0.2685146211957782;-0.769510039213021;0.3971646765273505
367;0.4184541950637092;-0.7503246521994298;0.4011421836300347
368;0.2806446683632084;-0.6951931489050065;0.4044605930755174
369;0.1547154409490631;-0.6504910828625364;0.4046619731349148
370;0.1583666148929661;-0.6268867998254026;0.4081034251438361
371;0.2132103077123317;-0.5536238146702794;0.4127101803951362
372;0.2405676983944203;-0.6120329193883879;0.4139198654909177
373;0.3108523680288865;-0.5920104762981278;0.4128945920583183
374;0.2859599917693574;-0.5119523375592804;0.413202007957561
375;0.244836039094095;-0.4445489663497483;0.4141490322901182
376;0.2795001945460887;-0.4254581972686584;0.4076503797946644
377;0.2326429852154398;-0.4225397470942098;0.4075294926369883
378;0.1414164999018833;-0.3984931205734318;0.4041717744497552
379;0.1349246010352764;-0.3113775786805419;0.3995353618262803
380;0.2270118775922541;-0.2391663717346505;0.3972370445863067
381;0.1590689413227866;-0.355529531525716;0.3958547536274328
382;0.1722094277193499;-0.3129531506977066;0.397960107440247
383;0.2454168492744671;-0.4120754801214633;0.3991764694514511
384;0.2459921678643607;-0.4281880280483878;0.406250052706317
385;0.2892644023213221;-0.3528614256316197;0.4078880974063651
386;0.2921130042898126;-0.3147424587086838;0.4145234092035254
387;0.2477474339420067;-0.2846151294097943;0.4171812751984112
388;0.3242427675164721;-0.2852461559201608;0.4205550295370501
389;0.3856950963302653;-0.3104199779238248;0.4086543078091059
390;0.4780503724434724;-0.2991688312987351;0.4093414332568644
391;0.3943409154549018;-0.2875299552903689;0.4149930246045727
392;0.3248399431757418;-0.2909643937073991;0.4189095633980827
393;0.422297791544469;-0.2667662049941512;0.4239206643893944
394;0.2879208154832048;-0.2675102602309965;0.4177807413873859
395;0.2286688495343354;-0.250832614433802;0.4174225133579366
396;0.3359189737891415;-0.2941845533489735;0.3892109124610555
397;0.3827730781703012;-0.2978977663064357;0.3903922569379593
398;0.3508606436722086;-0.2518770687972745;0.3874752389306152
399;0.2463176810116172;-0.1917797634127289;0.389645028144971
400;0.3112294511093289;-0.1354547629911917;0.3920729928707038
401;0.411734613733821;-0.0432604570946071;0.3866087047409176
402;0.4727332612511712;0.0943498804192848;0.3905619552324506
403;0.4986595518554357;0.176467767164359;0.3208129304166013
404;0.6995045729166435;0.1486551873575362;0.2524281004274369
405;0.7143559229739463;0.2165453215808134;0.2522013152022819
406;0.7926835086697278;0.2226877308384381;0.2508613096513731
407;0.7926835086697278;0.2182230668264534;0.250385128859094
408;0.7924020782029824;0.1995763208003554;0.2486934107905517
409;0.6671151850634677;0.0655864646229091;0.2538540766405103
410;0.6808624942419731;0.1365321897228428;0.2679169486511519
411;0.6569513517834052;0.1619899652731044;0.2791702149513735
412;0.4382958612376332;0.2062862860319666;0.288131525774303
413;0.4054307076113266;0.2200395675518279;0.2872383218789828
414;0.3940637950305618;0.1608189677787648;0.287194348687334
415;1.026901963752151;0.4718284653788728;0.285835015223532
416;1.0603287711190548;0.4756062602164724;0.2847881865032864
417;1.163645909376263;0.4424534383193018;0.2858014781878064
418;1.050696283834301;0.4231000206859433;0.2848194779353021
419;1.0207370288127275;0.4262059344945435;0.2818902088349608
420;1.1028019530048847;0.4911340710006329;0.2796971325721372
421;1.1452308060864609;0.461013596186231;0.2801970864154864
422;1.1335344321818648;0.4210864386514765;0.2863807673096434
423;1.0608834303565229;0.4194838469900057;0.2873444454852343
424;1.140414302527501;0.4324506853980321;0.2897908124272872
425;0.9941100694905276;0.6276534459499946;0.2914900983307721
426;0.7679942937450738;0.5728557816161741;0.2918377143151323
427;0.7484513127727938;0.480796330598561;0.2904868129175619
428;0.7300404161916919;0.2155573806619866;0.2585254307946146
429;0.852335059312516;0.2516613183859988;0.2390613583860457
430;0.7432399171807604;0.2246112473055118;0.2358021593755847
431;0.6883920613637109;0.2274134083943018;0.234130691101004
432;0.4775677034981259;0.281609997215279;0.2326464652445258
433;0.3721629175191465;0.281609997215279;0.2347004276995679
434;0.2357904495498987;0.3130662995186672;0.2340057420776364
435;0.4385205975856611;0.3354562566368413;0.234963285944196
436;0.4779509170645056;0.4041358995166336;0.2357813102998047
437;0.5116658073371146;0.4520861097213011;0.2399619892771509
438;0.3633106884636613;0.4177265307248362;0.2410343833284825
439;0.4425402938352725;0.4206619377939299;0.2408428377064305
440;0.4271494107243312;0.3866481392844449;0.2422928069839976
441;0.4952282636227196;0.3271008385228682;0.2411179920045843
442;0.7696961901300724;0.4069775569197944;0.2399724283000178
443;0.7329711000842324;0.3388994142757618;0.239516603283104
444;0.5386020280006433;0.31346920187734;0.2381271001599643
445;0.2872007222520367;0.2366947609701266;0.2381109218136208
446;0.2806758876609015;0.2333743457046248;0.238264082750781
447;0.3078895745777552;0.2163504389001847;0.2382517646650665
448;0.2836215199269408;0.2101545427214623;0.2381634492544242
449;0.1854095092971655;0.1331085882672419;0.2367067164941879
450;0.2538994760192605;0.1110263378535474;0.233310627768431
451;0.1119085384480352;0.0253263861630288;0.2317772287294898
452;0.1182729260038971;-0.0338486849097519;0.2315013156236859
453;0.1545485016195499;-0.0833357799073653;0.2307207929863823
454;0.0628811861442216;-0.1041123931250241;0.2306691836179775
455;0.0628811861442216;-0.1139949591862265;0.2299412426218129
456;0.0387636953443482;-0.0901241629042322;0.2302310234666403
457;0.2753080850904065;-0.0160974160221498;0.2212493530019328
458;0.2025245083962883;-0.0199028592193855;0.1967948596030386
459;0.1602961720562173;-0.0312606055738187;0.1622808228308095
460;0.3026033318478165;2.423303096965993e-05;0.1180519793543784
461;0.3038100146497904;0.0478852432314886;0.1139840382784191
462;0.0827309739366907;0.0847740205631651;0.1148278263320564
463;0.347743738266753;-0.3525371784781297;0.117582953958525
464;0.0707133658711427;-0.3080814529118559;0.1168846631684883
465;0.0997945628697771;-0.3307815865156623;0.126431419461675
466;-0.0164793886302245;-0.2514773392930709;0.1294017222218111
467;-0.1553121468678641;-0.2336637796316989;0.1303453001230058
468;-0.0511773397703087;-0.2572698257653414;0.1302757641565342
469;0.0136474594367805;-0.2356691167940728;0.1302525669789584
470;0.0073294144504848;-0.217181197347098;0.1264778855267242
471;-0.1043860281107128;-0.2379661990236406;0.1263030039142434
472;-0.2725856376975369;-0.1773247895155048;0.1420765516714941
473;-0.2155396374997785;-0.2986601486108112;0.2217397562004071
474;-0.1226060767921768;-0.270155086283688;0.2485903643743517
475;-0.0662155505561542;-0.2367842672497231;0.2500223245730692
476;0.0391303780371235;-0.1737736536360329;0.253980848852107
477;0.0025268525522913;-0.1272864236351056;0.2581766290637781
478;-0.0285476966148505;-0.2742058460582462;0.259409350027631
479;0.0802841173229177;-0.2063469609686432;0.2611367006011825
480;0.2136297695011378;-0.2229550735720773;0.2646995189434143
481;0.1691725767396703;-0.2100493696841068;0.265488553555214
482;0.2839022115007173;-0.2168513917104915;0.2668658322893578
483;0.131438088138159;-0.1369349682630448;0.26841134854608
484;0.1224171612049828;-0.1659235377368923;0.2672472731614219
485;0.0631862713048216;-0.220053122004783;0.2609361850371599
486;0.1893103025442964;-0.1855320749662496;0.2583673288022499
487;0.1227792171923995;-0.1855320749662496;0.2563824961480698
488;0.3416876121691934;-0.2350378599761291;0.2547658562511029
489;0.7530460062956204;-0.3347759786559968;0.260694645718794
490;23.001416365667367;-4.043446905993993;0.3042247766232506
491;18.522955238118456;-3.6238850720825337;0.3191732290997641
492;19.02710869818648;-3.7049278961316263;0.319440295986297
493;19.95864668872292;-3.8339019208580543;0.3198258374065885
494;20.08018191733812;-3.836063872583392;0.3199232432736139
495;20.00222588732341;-3.835447192020013;0.3195842811553302
496;19.97751704863904;-3.836063872583392;0.3198186057279503
497;21.086548425390447;-3.944308634184194;0.319433344766183
498;20.90014724526707;-3.9167241838259375;0.3205191032356785
499;21.77079119928936;-4.016021327314296;0.3214542959334279
500;21.86881492974108;-4.058211072316962;0.3264903378006856
501;21.57377798213704;-4.030574169840686;0.3310127689486566
502;22.309274234639737;-4.176846816649998;0.3343582642774641
503;22.35798895518256;-4.157069701072389;0.3389506651810516
504;22.277116370728827;-4.14428996296042;0.3431707050205579
505;20.57809864820158;-3.826297426622119;0.3434161499211745
506;20.50713308624899;-3.8353362583445993;0.3445086517229722
507;20.421244059056388;-3.812685799442372;0.3486899148142413
508;20.54187019653824;-3.828715648903808;0.3535421390086497
509;20.48686618791756;-3.871008027811936;0.3573836657613703
510;20.83831763168852;-3.930996802994876;0.3589381414592695
511;22.439009367257523;-4.111069541487341;0.359080530510737
512;22.906239787282576;-4.167096604043456;0.3595345834160225
513;22.920803641189774;-4.160403101241849;0.3592472049407361
514;22.87986671903123;-4.163966330983653;0.3598815252690815
515;23.12450476586366;-4.201813262775798;0.3567152964884379
516;23.10225442862749;-4.205007713643214;0.3580497446910838
517;23.23050223950256;-4.204877326384683;0.3610840378021112
518;23.226791399650523;-4.2018294137138135;0.3640221803025185
519;23.33936864437773;-4.287963781443859;0.3661967585064914
520;23.65862884052661;-4.340519157396009;0.3593566649742459
521;23.634475026463523;-4.252983856233681;0.2869887241767309
522;22.86704657885816;-4.247229726942799;0.2313389365249886
523;22.8778736029533;-4.2490105135435945;0.2339736223204006
524;22.49690887469348;-4.187090541966084;0.233067552016133
525;21.681531986031505;-4.129196718579239;0.2341073353146769
526;21.43794276937119;-4.055324028793327;0.2352370538123924
527;20.9418898689456;-4.035502672949275;0.2355212647500216
528;20.483419756725244;-3.958786591819581;0.2351957124501514
529;20.31930310468221;-3.998447220653057;0.2493649037134287
530;20.304004124945667;-4.00485826325908;0.2500641523088868
531;19.79443236845346;-3.9413764757633336;0.2515696663162393
532;19.524086263569615;-3.9122952530362936;0.248025890112975
533;19.589737835761674;-3.930791352152821;0.2472383983053877
534;19.589885135308265;-3.904640847276153;0.246732508080703
535;19.28472544953895;-3.8673400459009657;0.2471502761074873
536;19.326830325797925;-3.8563830907191456;0.2465793945108372
537;21.43125695081524;-4.058963364416907;0.2558154415014674
538;4.075061851461158;-1.4214758343377771;0.2047023881725566
539;0.245233686013273;0.0889643219961894;0.1898384821008586
540;0.1961368253309771;0.0195840773178909;0.1962394328702464
541;0.0358135258954888;0.0602168587887169;0.1970457760275795
542;0.1088442454940452;0.0398148426292814;0.1973443280200868
543;0.4711733436204795;-0.299666864799549;0.1962553270192223
544;0.4639926387967719;-0.295822567624925;0.1815099835836067
545;0.4638593888546902;-0.2968786219843742;0.1750202064048294
546;0.4805902129807423;-0.2807244219417938;0.1749067441724675
547;0.3340427152032811;-0.2361071054985588;0.1753267605522617
548;0.3259930114537857;-0.2185187045103191;0.1741821233571105
549;0.4037248643177812;-0.1908417301789308;0.1742658523309546
550;0.2647938776773358;-0.2489372645563838;0.1748491637361921
551;0.274627361749501;-0.205653078328115;0.1738099845855291
552;0.3932724761386506;-0.2737251583986513;0.1738042738085427
553;0.2421051270142481;-0.3319666637449853;0.1728375422183565
554;0.1167047430028013;-0.3316924695812874;0.1725935503472702
555;0.0873566421343208;-0.3342567135287493;0.1723416678225555
556;0.1352951166488354;-0.3754050232502865;0.1697753633071715
557;0.1352951166488354;-0.3725571360382156;0.1685297254299949
558;0.1741451440980542;-0.4210962325990766;0.1977520944933685
559;0.1874065360510492;-0.3458875559811102;0.1976243230727374
560;0.1162382094990389;-0.3443220728676524;0.2094134767130484
561;0.2278019974132043;-0.4111069801632917;0.2100347571474371
562;0.180269873316093;-0.3216374798373745;0.2100827214989628
563;0.2076578073590332;-0.3450292112380642;0.2100438672526038
564;0.1345433678339724;-0.3509013187370811;0.2486623272777122
565;0.1792823626925585;-0.4092821433213058;0.2470742205445643
566;0.1278515411899404;-0.4326454700740435;0.2447242690585616
567;0.7130332358077104;-0.2878288826168844;0.2438308760891405
568;0.7648949938700691;-0.3195917210337979;0.2435585511268195
569;0.5545679608456466;-0.2472610389007505;0.2427495224227517
570;0.4859754788362736;-0.2601784859213169;0.2380501038335379
571;0.5010068801589865;-0.2779245610738131;0.2340895744370844
572;0.5183317029088678;-0.2019334740795707;0.2329625578421437
573;0.7729696717011982;-0.2780461332066567;0.2307880363144004
574;0.90269612703043;-0.2784962562018923;0.228468200567725
575;1.177475529964223;-0.2945254781955865;0.2269540843595222
576;1.5890150046925329;-0.3221864635279689;0.2400970343029609
577;1.5783072611324869;-0.2805975861090067;0.2341070381827127
578;1.5711695750948331;-0.3013815736107867;0.2480810630813391
579;2.0026668356782684;-0.2662237148695042;0.2455952511673801
580;2.0097192819091507;-0.1928528641613022;0.2425325911307388
581;2.133538398935483;-0.195815575131297;0.2384714387712049
582;2.072511201539058;-0.2024097849203362;0.360462909523205
583;2.055613152718677;-0.1296430262618833;0.536707279182429
584;1.8459760272974608;-0.2081023458728531;0.5504738000626228
585;1.8459760272974608;-0.1770003695033298;0.549796915172474
586;1.5034335265589036;-0.1633679222691988;0.5450763127622217
587;1.3834617996336995;-0.1461527762667957;0.5491996553079097
588;1.161141636734977;-0.0986167969243829;0.5522820699221859
589;1.4834622650903355;-0.1752005950199789;0.5433158124725619
590;1.425447260508656;-0.1632865906206135;0.5405925920426962
591;0.1285585936256185;0.286725389510261;0.5350697938505954
592;0.0929300522416933;0.2854302977863267;0.5333170418480745
593;-0.1808022412116001;0.2783116825174615;0.5281740702576371
594;-0.1857563510036683;0.2480826656446393;0.5218246408328171
595;-0.2317363744716994;0.2791206509762649;0.5144977420095451
596;-0.3924662914271532;0.2727583872131122;0.5073901421215959
597;-0.5008858680700045;0.1923422912196011;0.4990754273890406
598;-0.4444994466668873;0.3055361682277453;0.4901034479832609
599;-0.5836319680176367;0.2220937993629266;0.4878957717387525
600;-0.5973992466653845;0.1760157242405486;0.4783383532957728
601;-0.4972229641819292;0.1767975305361722;0.4702484092388758
602;-0.410176200706954;0.238855788713224;0.4638268536488028
603;-0.4592943135773856;0.1940360602279447;0.4611488587259221
604;-0.602987856461486;0.1270323496500313;0.4569890214423624
605;-0.6096513411044602;0.0569126261913391;0.4510785055654684
606;-0.7368688812767471;0.0478228829483779;0.4524087851635476
607;-0.7084656129132229;0.0753968035781461;0.4461713567022641
608;-0.7320674672226148;0.154688080202737;0.4460221033617375
609;-0.7490779058504395;0.2223954262777175;0.4412901748517792
610;-0.6776406264601025;0.253227612406373;0.4771049778851313
611;-0.7139307438389239;0.2510749971608239;0.472580475375945
612;-0.7706887950959301;0.2584209799525545;0.4748749295386805
613;-0.8959767952310524;0.2039525438562482;0.4729640623864038
614;-0.9213348496893512;0.2284583148730659;0.4691070390645289
615;-0.9812289728548548;0.2673919603620368;0.4678025937133338
616;-0.9825085561934048;0.2650769435126344;0.4640313182647472
617;-0.8732925237932865;0.3359645029157139;0.4598417048171272
618;-0.7734386275525007;0.4151609447143725;0.4581603512284079
619;-0.8749099407364314;0.3620665588451684;0.4524932375307576
620;-0.8436960483091287;0.3747151890180855;0.4976355429384831
621;-0.8678929653226759;0.3306733122184969;0.537351233447375
622;-0.8147412531442473;0.3807894937896263;0.5586566377690039
623;-0.8882580756415885;0.295813877822232;0.5712971774757986
624;-0.9362722064729896;0.2948813972668448;0.5779722850633694
625;-0.900900613261611;0.2798042917540793;0.5679157183406266
626;-0.9070502388725118;0.3111141433976847;0.5698580173471585
627;-0.9320515557170552;0.2876593713662622;0.5679511156750471
628;-0.9191163324226318;0.2864734655556744;0.5652559728953858
629;-0.8455907748281485;0.2931268166145093;0.559827738362652
630;-0.7742396118171367;0.2786227329106675;0.5680574312553298
631;-0.7049121173075594;0.2792349333694733;0.5640896702920692
632;-0.7049121173075594;0.277493687449154;0.5725823465790804
633;-0.6714695714621673;0.285711601477361;0.571821830563347
634;-0.5298058786100747;0.3481943294300152;0.5725445642225764
635;-0.4258015937903927;0.3507867798677593;0.5796649751707876
636;-0.4191771749503503;0.296217585323938;0.5824749102502176
637;-0.4441913818253056;0.3418968767635443;0.5857638244128045
638;-0.3776780765976138;0.3271961550494708;0.5774428088543656
639;-0.5175545680059733;0.4486267816286109;0.5722779101427137
640;-0.4334261691186364;0.4433559824541819;0.56760975948535
641;-0.2467599423235903;0.5068302512636828;0.5634585413058112
642;-0.2467599423235903;0.5214334405343565;0.5585427771023512
643;0.0463286122826432;0.413193290792113;0.577039955248209
644;0.1502161262956833;0.3632717358742443;0.5913873989178569
645;0.0786346215786821;0.3956810082795997;0.5844059768297963
646;-0.5570886729275284;0.2407971344057831;0.5837468982974469
647;-0.4449799187343068;0.3144693468907844;0.5924916204555236
648;-0.535262802759494;0.1592522805512297;0.6002002039652595
649;-0.6012386410776875;0.2316658724259934;0.6087507037810488
650;-0.6464679859120624;0.1489950723528053;0.6083038600153391
651;-0.6730800299711686;0.2275806798982783;0.6047791686778184
652;-0.6559355616884441;0.2274772707894709;0.6034473977475358
653;-0.6602702701149619;0.2227917577295066;0.6033876418540882
654;-0.5686515140211958;0.2562342735210702;0.6020169985639103
655;-0.5458553807039779;0.3040326353072383;0.6034328144614172
656;-0.4894910920315469;0.2476597455232641;0.6065036096446766
657;-0.4644782872553151;0.2369517658584027;0.6158710662211874
658;0.9421550633731824;0.5607698407218407;0.6209418396519792
659;0.99435140309069;0.5574204451061548;0.6235828926028978
660;1.1767800620238034;0.5650365071882272;0.6263520482525238
661;1.1085258115028729;0.556519752857862;0.6263590471070412
662;1.4274385266346672;0.4368094601265257;0.6290851846379022
663;1.3477560487138138;0.4718126465487559;0.6298794286044348
664;1.346479956158;0.4865305137837393;0.6330483483647567
665;1.3238716507117425;0.4286552416060378;0.6345090805534527
666;1.3972466229709817;0.4306926780344045;0.6364187545612734
667;1.6804115542821372;0.4807164622050768;0.6458790384424088
668;1.765934978675344;0.4638125816532127;0.6449552668701372
669;1.6425379801132909;0.5313729011071123;0.6368705529927258
670;1.7786874133833284;0.5747800594930053;0.6304231997900221
671;2.0145204212433065;0.6255373786461371;0.6198231903031657
672;2.1043183574415183;0.6202000891781979;0.610932208249448
673;2.1642646041321765;0.6407601776308784;0.6147819483334117
674;2.0925722318369826;0.629524925037593;0.6188798231368016
675;2.2847102132533648;0.6459234582022454;0.6076445191111549
676;2.0865402119891026;0.6193420241905138;0.5786007270384987
677;1.7504635903108547;0.5309077626322382;0.5817428155654073
678;1.7278704221246228;0.5642467775822527;0.5829804249108648
679;1.5602161398027274;0.5260612625672342;0.5792837787276921
680;1.775238385446236;0.6051782511971406;0.5765168377580538
681;1.731358165531533;0.5348179175250481;0.5767258505751137
682;1.4250603101618438;0.500595919991899;0.5758043181099121
683;1.4139721549866;0.5263253018511169;0.5755901939476958
684;1.551314666231347;0.6181601585323908;0.5782504155375897
685;1.1486445484873928;0.5380149900788092;0.5798052064453711
686;1.038503070589075;0.5139349020637497;0.5811405056076004
687;1.0782296433053822;0.5208879263684505;0.5810803881135028
688;1.1192910595179837;0.5685217910498059;0.5827699838760816
689;1.2569199184610036;0.62498171060579;0.586235082007603
690;1.2249037048283924;0.5786968022693687;0.5685562794701254
691;1.5034297529967846;0.5869161513723662;0.4431809942051499
692;1.8004807110735264;0.6740177649923619;0.1385860783607191
693;1.6810043295873176;0.5922600260271276;0.1105148881922365
694;1.7241207221322434;0.5198971156587098;0.1071661332458374
695;1.2075043910183074;0.5557640478708321;0.1071047320442032
696;1.4300913313351151;0.7140884134168746;0.1071472207853198
697;1.7183648437853367;0.7326585838540104;0.1076631625299034
698;1.7183648437853367;0.7435593558154819;0.110384385880069
699;1.2737206100619418;0.6484400835510447;0.1095433892883108
700;1.165761426560633;0.6314891103333514;0.1095728144519487
701;1.0284974111212757;0.649449105513152;0.1110790235422139
702;0.9462675739025872;0.6044769923728701;0.1143489750032927
703;0.6951063994856277;0.5646716096013498;0.1145152799056522
704;0.3507414199543785;0.8014548742794456;0.1166975546516851
705;0.2537841482590507;0.7346396765384681;0.1231458778010602
706;-0.0281119440779262;0.7044378615540929;0.1230356536954787
707;-0.0320095111397492;0.7192403223637577;0.1231269463577538
708;-0.0525370211260266;0.7735016842418043;0.1223385646273736
709;0.1271611117048749;0.7815225554312651;0.1308088580554726
710;-0.0939638089273586;0.7166981029702458;0.1475606658196698
711;-0.2165873892410286;0.6287380170233762;0.1463526720961467
712;-0.3153879085134735;0.6182043357170551;0.1480994827242144
713;-0.4170111947949527;0.6886923242374812;0.1513557484063666
714;-0.415173461711406;0.6640167224700071;0.1502828739914946
715;-0.415173461711406;0.6789926043755782;0.149852444222726
716;-0.4260928755681812;0.6739876261786834;0.1494884151206845
717;-0.3394985189826582;0.6611479499914579;0.1492963996358926
718;-0.3516596289364917;0.6257824064351274;0.147130166982395
719;-0.561388947802394;0.8611546278468097;0.1434859748597519
720;-0.6956455083610743;0.8548956719884351;0.1436992978006589
721;-0.6758377337532359;0.8366516033928244;0.1433096299899632
722;-0.6872328094400978;0.81760261321993;0.1416488963404826
723;-0.6749219234058745;0.7870054650778865;0.1414843235167373
724;-0.6471573758593556;0.8937960254919561;0.142418706290932
725;-0.64527078190678;0.9180093111183496;0.1435743928484563
726;-0.6408985102918762;0.9756188761612647;0.1435775421186746
727;-0.6269860574084037;0.9454914430005964;0.1420174614299885
728;-0.5933316362314202;1.019075350933093;0.1408047257664654
729;-0.6128841818037419;1.0410494653469815;0.1373047727791193
730;-0.5962837314486985;1.0769046434023417;0.1373743722067654
731;-0.5646522568283507;1.0176803389379756;0.1375112268785722
732;-0.541627066171481;1.0253939673931165;0.1378671948977897
733;-0.4279471650068255;1.067638135185529;0.1382329646982778
734;-0.5382431011965274;0.9853668520961596;0.1388754805673897
735;-0.6543206400717269;0.9279565394533698;0.1379930086555943
736;-0.656183897334705;0.8955253578045328;0.1380110359846832
737;-0.6741085174788506;0.906885853156186;0.1388065636855933
738;-0.6738746286068567;0.8868724833196151;0.1398717146549823
739;-0.6687085825115043;0.8699234135144374;0.1439837485321216
740;-0.7880623543449315;0.778496526386823;0.1438356955034241
741;-0.7789534880787136;0.8107815876772787;0.143795416230124
742;-0.9022954827087049;0.7830597890238067;0.1442828561987729
743;-0.751349451276855;0.8890453745934859;0.1448060900247625
744;-0.7660007339458854;0.8585164260548603;0.1454150707026564
745;-0.7736161046320561;0.869373623870867;0.1452088003216028
746;-0.3397528269227478;1.0448923340799765;0.1429781331550688
747;-0.1277541782747754;1.1043093681051404;0.1429625906400905
748;0.017313442900182;1.0571322470129805;0.1429715233746368
749;0.1004797042662435;1.0757978373100423;0.1425842305151724
750;0.1216050971728577;1.0609349647608968;0.1393838617890895
751;0.4992884128141764;1.1632373724858058;0.1891906995185469
752;0.9758288983108876;1.225479478660579;0.1880932180140195
753;1.2117979164944648;1.2643715972362803;0.1842779747557515
754;1.2736405733295746;1.3036272668933389;0.1852788597948675
755;1.1357019622812012;1.319756376846383;0.186161335974671
756;1.000231400903305;1.2655370104357109;0.1891511413725453
757;1.0067641222153236;1.2786639065278915;0.1848838999444956
758;1.3484182773634616;1.3878016760363077;0.167758950060378
759;1.9363110901219036;1.444446216826308;0.1680752998968778
760;2.029585517792526;1.4930598866227052;0.168394206951989
761;1.998879195703652;1.5379203217927504;0.1716814564443878
762;1.8834313655881956;1.4329028008146405;0.1723575712022617
763;1.8820688997717308;1.4047595091113023;0.1728676782215684
764;1.8439668534256184;1.398104674416914;0.1728045076367276
765;1.7536122832406578;1.3714804595962409;0.1699583373515568
766;2.1165008204162628;1.411507421166837;0.1696432441129793
767;2.17251265626072;1.331034881620445;0.1697227253972055
768;2.977090309768072;1.284519917233133;0.1701065417789389
769;3.000213687614677;1.2036254762097904;0.1689110974969202
770;2.2777192510524182;1.106108720940719;0.1688393208155194
771;1.7857444347250313;1.096538745946212;0.1688412169766523
772;1.3816301685284094;0.9857986074415184;0.1684772584146149
773;1.245771366845753;0.9920126917687924;0.1686782112348837
774;1.2823327855261342;0.9758450304219788;0.1727799500571919
775;1.2899823171163085;0.9885788414167191;0.1734605507056042
776;0.9432854340557734;0.9073570455196658;0.1748247795440708
777;0.8071858220233673;0.862207743203515;0.1752862671454238
778;0.8572474494484529;0.8532939998070985;0.1775513890403118
779;0.8288635405732067;0.8635078299313586;0.1796326250559816
780;0.8206433703101463;0.8576686645162016;0.1802648111972427
781;0.7697483317055511;0.8520318652051415;0.1812120147622106
782;0.9331599135161768;0.8551105590312095;0.181151810479108
783;1.1561910749009996;0.8994380198330312;0.1804969201329103
784;1.1667804498909145;0.9187209348152562;0.180388559234566
785;0.8148914943528681;0.8146433110964884;0.1803616001916156
786;0.752014621639501;0.8174078863355178;0.180478854618187
787;0.7045108338347074;0.8209835573654938;0.1790424680777383
788;0.8824389629217934;0.917043813095949;0.1794810131392359
789;0.8694983950297902;0.9529583238296708;0.1796642974745932
790;1.3236839243043892;0.9495063265747004;0.1797715447636258
791;1.2421298529987272;0.9499219070360096;0.1799121940692367
792;1.2308339853378418;0.963026358866335;0.1817946346278086
793;0.949604436577032;0.9083049878747854;0.1817717930174683
794;0.9400832554899006;0.7372048352571156;0.1814060049685068
795;0.937031532738351;0.7372048352571156;0.181423391116826
796;1.0488356430355257;0.7930242361167067;0.1812493121702835
797;1.0286994330484265;0.7934336899721323;0.1810830118197472
798;0.92510431484652;0.7598247191828977;0.179344564110349
799;0.7947971750593317;0.734443932159869;0.078155733809474
800;0.5587121644030527;0.7958155536003493;0.316133778505684
801;0.1817666610765232;0.7066733230131103;0.4341741105391106
802;-0.0627744244005526;0.655119215212051;0.5023745082048543
803;-0.2429251193003464;0.5682797629391629;0.5620949094605647
804;-0.3572709528109782;0.4914357471078832;0.6128500095805904
805;-0.3199742957900279;0.4560586366792489;0.6416319418540801
806;-0.2467460542072085;0.4096600481229643;0.6604067504495339
807;-0.4489423608859788;0.3385185564204264;0.6771267115440215
808;-0.4650913231616675;0.3683250152492621;0.6797621997757655
809;-0.4129437239165895;0.3829992527902003;0.6778312869767061
810;-0.4572433868169404;0.4536991972451608;0.6776948004991813
811;-0.4853663186062938;0.4076849722876434;0.6788134928252844
812;-0.4779305688422295;0.3236825907800958;0.6790899048758214
813;-0.44748954903428;0.2876246449836611;0.6736362822006772
814;-0.507006855944495;0.2944333578326981;0.6664141456792383
815;-0.4244119909406796;0.3073288658740728;0.6597859801048903
816;-0.4287659381025115;0.216293193001131;0.6499030057509734
817;-0.2323620384457426;0.1224696815658622;0.6399137123730422
818;-0.1710774203446861;0.1949199315670242;0.629512636796957
819;0.0406760390073963;0.2044392408989419;0.6269962889962861
820;0.0538933605723203;0.2908640380335234;0.6442051840766664
821;0.0084282737243787;0.3160276559986074;0.6523896580080999
822;-0.1004840835893051;0.3298065237624074;0.6529930392977682
823;-0.1725680467241484;0.3072138763505885;0.651467092521312
824;-0.086853016198515;0.3555654054503102;0.645560120328956
825;-0.2207745305523306;0.3008001746470881;0.6368329182913306
826;-0.2399862620238595;0.3095357487435818;0.6279500292516422
827;-0.1882318073811385;0.2994686943344909;0.6166492753358943
828;-0.1928135779929041;0.3327350047032398;0.6041681184526794
829;-0.2281447595875888;0.3073438225356021;0.5887620903211209
830;-0.2933558410009994;0.3764472422594102;0.5737229415559001
831;-0.3754886668626753;0.3224171346860123;0.5570638198562327
832;-0.3663600529362354;0.3366069232896973;0.5418022249514811
833;-0.2547164880953319;0.4202236015180053;0.5245850541576584
834;-0.2975600644954187;0.3315295063938264;0.5069069744897304
835;-0.2409034799267943;0.3182314388216607;0.488373836081667
836;-0.2152366484385667;0.3174786277961991;0.4694401173042525
837;-0.197006537273767;0.3291633652679636;0.4506474901725193
838;0.4507896957346419;0.0849826447799912;0.4322595994178657
839;0.4281802693196628;0.1099292721873803;0.4129117284921684
840;0.2493150195024864;0.16543134790092;0.3915522015889049
841;0.3746332965502336;0.2268651604776574;0.3717996340886048
842;0.3396174946852642;0.2951992656796467;0.3513786599563396
843;0.3150524087676162;0.3258839156898103;0.3299589149215293
844;0.3005336312037534;0.3531996282624047;0.307043819539243
845;0.2876748778549047;0.3485022681045581;0.2825106869456505
846;0.3951978855316393;0.4373216465118597;0.2571986998312476
847;0.4336951152582229;0.5140625327696422;0.2276643086037881
848;0.3854998179260837;0.2783576530402945;0.2218436698359093
849;0.6648821961971548;0.3015645381990752;0.2171169901603772
850;0.5571940623996434;0.109441046430478;0.2110638501972975
851;0.815728860649598;0.0946721057638851;0.2077712317820441
852;0.9154381190579636;0.0902600597182794;0.2048682510640896
853;0.981606655108718;0.1743430563954703;0.2009945464506413
854;1.1692337753459237;0.2180904124350662;0.1962377382993792
855;0.9649094366430228;0.0298721316565349;0.1918456762450852
856;0.9779209602866666;0.0544732674884272;0.1845690905501764
857;0.990464553168723;0.0812266246837897;0.1770895353080819
858;0.952692146607552;0.1143202050229578;0.1694413872704055
859;1.229294826144236;0.1159689875604658;0.1627782435167387
860;1.4594582368719538;-0.2270143923566477;0.1560147306477717
861;1.428405174291384;-0.211430417037104;0.1464072373995329
862;1.4241420206311042;-0.1983788166735693;0.1354680808373582
863;1.4832859725072949;-0.3529931655611462;0.1252087827439942
864;1.4204732746455306;-0.4188811443767664;0.1115476912419633
865;1.537052044156317;-0.3830976673161488;0.096741459335389
866;1.2568052696252077;-0.2367427609457285;0.0760969755947887
867;1.138171516790553;-0.2362875054278398;0.0682848158270439
868;1.0455983945722995;-0.1972419273092464;0.0682838601251066
869;0.9368058969766776;-0.2269419568021876;0.0683046187477458
870;0.8480141688268238;-0.2886569283404849;0.0683385533581732
871;0.9007210848441304;-0.2953595732744551;0.0683112537776449
872;1.0942805817873795;-0.3032965387533256;0.0696745661415895
873;1.0576783573035695;-0.3010559274883641;0.0775810404135156
874;1.2136812895891689;-0.2459101909858614;0.0915867414082147
875;1.0117910652964142;-0.1866077359664751;0.0926293004674589
876;0.8870384623473783;-0.1077879997755944;0.093039726773671
877;0.9795586085449128;-0.1740640683260741;0.0930735526766974
878;1.001157371050611;-0.2399006076286113;0.0931665993216384
879;1.1214516806010526;-0.3267451369958642;0.0929745309415889
880;0.9771280309394526;-0.2802665491557203;0.0931417541965064
881;0.9048651780104404;-0.3278390316395865;0.0925209364248361
882;1.2572868029604924;-0.3617857588354036;0.0925160466958912
883;1.0949901410556415;-0.282805824853899;0.092214400119587
884;1.0665239942417382;-0.2929351879967281;0.092851333789322
885;0.811050975079927;-0.1681858638561676;0.093645977428747
886;-0.4326679915159699;0.1422288240146585;0.0698845517291517
887;-0.2620877610065383;0.5413994192949476;0.0700905972431615
888;-0.2573831432357971;0.5023908015521398;0.0737521899111865
889;-0.2422461185695283;0.4991882164969869;0.0748311865373192
890;-0.2017557242664396;0.5212963995218548;0.0757622048831363
891;-0.2213333141476945;0.4376147828531226;0.0761336437118021
892;-0.1627733001310655;0.4442459517463462;0.076781732543425
893;-0.182925726646689;0.4059877597514009;0.0772578700747053
894;-0.1930505488338468;0.4035365665573883;0.0776665609918538
895;-0.3461325788471796;0.3151069141168951;0.077523119594514
896;-0.4906939270421451;0.6000740662805493;0.0774828391258825
897;-0.5586730596959363;0.5780965518787964;0.0786026209078459
898;-0.5477540285843634;0.5599907070747533;0.0796688937158808
899;-0.6456423899655028;0.4886001824309004;0.0806985371160561
900;-0.6629723462454676;0.4643400809974977;0.0832063977814305
901;-0.6119421348536089;0.4767464273359736;0.0916178417107438
902;-0.7005854303403697;0.4090427631856014;0.104835209737815
903;-0.7167393313986382;0.352719294285265;0.1142458699261281
904;-0.7215557722617812;0.3440919225502971;0.1283080601983499
905;-0.7706354315003818;0.3398577701982157;0.147239759229291
906;-0.7270564770154115;0.3194630500539116;0.1625995641940594
907;-0.6711199113639235;0.3039621313903233;0.1761642820970966
908;-0.7025226537454359;0.3245833277829083;0.1869242300741493
909;-0.6480372851509144;0.3228304501408195;0.197261446747873
910;-0.7220117683156988;0.2926269367654808;0.2024143841574485
911;-0.7423692201253104;0.2874851342153491;0.2064092934458417
912;-0.7519136352639245;0.2949501612066703;0.2102692969061521
913;-0.6361747696859245;0.3259064976443908;0.2185577616406307
914;-0.6395736467789581;0.3259064976443908;0.228277046175371
915;-0.6780960164321789;0.314664299964536;0.2386664301398349
916;-0.6066819387600053;0.3051716454179469;0.2466903798999808
917;-0.5997545929411078;0.3249332187918826;0.2540975373096716
918;-0.5407960238476379;0.3806796401696509;0.2606052593703238
919;-0.5373523036493495;0.3341055583380745;0.266179912097669
920;-0.5387364119435234;0.3558636824594384;0.2791080007711591
921;-0.4947104442624905;0.2886421098730971;0.3053944807708005
922;-0.4227300316253577;0.2458408136602498;0.3224786113088185
923;-0.2909847684652164;0.2912155357079806;0.342875932506833
924;-0.269428253790745;0.2241840736716725;0.3650849234005796
925;-0.3882837442594317;0.2177416049898136;0.3871041887790405
926;-0.4037355489307264;0.2078984634296013;0.4097651321863992
927;-0.427332706029097;0.404309298886619;0.4283707321763119
928;-0.3989989673299634;0.4484784027299664;0.4478389847510754
929;-0.4630548083297124;0.4108247309071023;0.4707264917983546
930;-0.4508840860000049;0.3383346322216554;0.4934907763970939
931;-0.5110575229581368;0.4258685948010368;0.5156318612479802
932;-0.4660980157417694;0.4130721701128815;0.537431347135651
933;-0.3749902447912028;0.4133103258930089;0.5587283105910394
934;0.2240645370318522;0.4693516939681296;0.578709056122229
935;0.2359428721410009;0.4604325454384751;0.5967839506965581
936;0.2792981622613323;0.5524584445448822;0.6170716970286372
937;0.316148412452452;0.5446910715566359;0.6373062067262983
938;0.2007751229339437;0.4729036524508054;0.6567786855758677
939;0.1695874181000393;0.4779335468205642;0.674693695124204
940;0.1384188727246092;0.4754982473912358;0.6907646780797859
941;0.0076583794636212;0.5105892911961167;0.7078678015699696
942;-0.0717998150225181;0.4817068089459672;0.7256290349665563
943;0.0878936918744136;0.5485151621929567;0.7418486836048528
944;-0.0785381360748942;0.502797568803228;0.7534166683273046
945;-0.0050241553132171;0.5394554580901397;0.75442311589653
946;-0.0110774186065205;0.5330011484462652;0.7469816986013789
947;-0.1136829529782249;0.516386510516149;0.7341743825593204
948;-0.1219125330441322;0.4855855727015858;0.7004461353196509
949;-0.1795399003197026;0.5080001025606202;0.7075125483625999
950;-0.2701311820576742;0.4606518362417687;0.7176586323847248
951;-0.1608321420581545;0.5214554968240322;0.7238852698188986
952;-0.3478693014547806;0.432870129053883;0.7325785618555772
953;-0.3428510920511908;0.3575217159174752;0.7456603062639584
954;-0.5050720247190522;0.3089564748725437;0.7563845567699646
955;-0.6259474587480103;0.2245496764321527;0.7665463940694756
956;-0.697547886087058;0.1383801411228457;0.7736152450318519
957;-0.6848299061689919;0.2019281644751869;0.7799518835080101
958;-0.6080236721182661;0.2725657109429379;0.7704004170358264
959;-0.6021582643694964;0.2962555052689346;0.746144788645582
960;-0.5709096865609775;0.2274034574962485;0.7091016604545022
961;-0.5624303270176078;0.2118726443055014;0.6879188902364984
962;-0.5249628239023447;0.1959131299609171;0.6701434275016916
963;-0.4862359819079915;0.2650704764523638;0.6543782906258258
964;-0.568133711897039;0.2619951359877913;0.6185321327580976
965;-0.5823677746175803;0.259194775482051;0.5601837757694479
966;-0.5525879492855963;0.2743806367494771;0.4650267784523452
967;-0.6576213606223402;0.2666706369160756;0.2642754586615146
968;-0.7444709343841256;0.2150998696734995;0.126704607820503
969;-0.7435015805695754;0.2486306483342395;0.124742090824882
970;-0.7372269871255303;0.212199934579826;0.124316981792534
971;2.896091425466665;-0.3175675796456077;0.1471482087767029
